area,perimeter,mean,median,meanRGB,roundness,variance,stdDiv,label
13054,2090,97.0546875,120.0,159.6995152337637,26.62803381797564,2149.509209527486,46.36279984564657,cyl
101931,13550,80.28515625,97.0,143.8531794062989,143.33836339793447,156415.18521293093,395.49359693038133,cyl
101740,13508,80.296875,97.0,143.86475373508412,142.718576922165,156347.03286080982,395.407426410797,cyl
104637,12654,93.02734375,122.0,156.64634224618544,121.77566686565369,72622.81863488904,269.4862123279947,cyl
104571,12670,93.03515625,122.0,156.65176835754107,122.16086651224794,72583.99698602117,269.4141736917736,cyl
104726,12651,93.0234375,122.0,156.64183767972418,121.61449239032326,72698.85621820079,269.62725421997084,cyl
38253,6666,89.37109375,97.0,154.75364338810644,92.43900329956773,17112.27098569747,130.81387917838637,cyl
46900,8878,84.69140625,94.0,151.63996937353286,133.7357675648902,43732.04422893824,209.12207972602567,cyl
28602,5746,95.26953125,98.0,160.22833223298122,91.85969032012888,12132.740717333947,110.14872090648147,cyl
28536,5748,95.2734375,98.0,160.23026931117957,92.13625558775666,12103.076592381312,110.0139836219983,cyl
113090,9679,91.83203125,74.0,156.23748425885174,65.92147430820894,184041.63004609436,429.00073431882885,cyl
30736,5407,87.23046875,93.0,153.45085093896714,75.69296676291039,16370.952909636984,127.9490246529335,cyl
30750,5388,87.23046875,93.0,153.45425744571597,75.12771671945957,16289.414551281436,127.62999079872033,cyl
30773,5384,87.23046875,93.0,153.45430100132043,74.96014217103988,16311.170407335463,127.71519254707117,cyl
79354,7871,85.8515625,82.0,152.67110093285407,62.12710797658355,76585.23101016821,276.74036751108105,cyl
79374,7881,85.8515625,82.0,152.6724626185935,62.26937750008477,76594.72152290457,276.75751394118384,cyl
79374,7880,85.84765625,82.0,152.67005559834703,62.25357609749657,76600.86044216897,276.7686045095595,cyl
5632,1102,91.57421875,78.0,156.07589220217136,17.158948820185554,2951.9299129831206,54.33166584031011,cyl
30158,4683,85.91015625,104.0,151.51028370745306,57.867659141395926,15021.981178657821,122.56419207361431,cyl
30162,4724,85.921875,103.0,151.5215829482101,58.87755654977655,14984.326109931926,122.410482026385,cyl
30129,4723,85.93359375,103.0,151.53150674882627,58.9170929098432,14928.484504247526,122.18217752294123,cyl
30172,4688,85.92578125,104.0,151.52546168940728,57.96438641175606,14950.192297517187,122.27097896687172,cyl
22413,3435,92.453125,106.0,156.73328152508802,41.89320892793175,5889.960259177641,76.74607650673512,cyl
22552,3488,92.45703125,106.0,156.73591090815728,42.929717008864046,5898.035142789044,76.79866628261875,cyl
40133,5021,93.59375,96.0,158.19602085167253,49.988367461647336,13182.67148101829,114.8158154655459,cyl
40128,5018,93.59375,96.0,158.19586496845656,49.934871327445755,13173.611442376834,114.7763540210998,cyl
8189,1479,83.6640625,74.0,148.547509994865,21.25668872095974,3313.7988616102766,57.56560484881816,cyl
26184,5348,87.796875,90.0,154.22594202366977,86.92344713346664,16986.629269114666,130.33276360575903,cyl
55168,4546,87.70703125,66.0,152.70110310299296,29.809985099246916,54762.74023761842,234.01440177394727,cyl
86600,11789,83.79296875,108.0,149.89510817072573,127.71037477273076,14763.47905405325,121.50505773033997,cyl
69959,10659,86.08203125,106.0,151.80956267116588,129.2347977171029,14602.575206716501,120.84111554730245,cyl
7562,1325,84.6171875,77.0,150.15410049271324,18.475032859409467,2703.517489699354,51.99536027088719,cyl
63087,7734,85.77734375,115.0,149.2753791629988,75.4498873558388,24179.690241706612,155.4982001236883,cyl
104688,14269,90.62890625,126.0,155.82623911874023,154.76769299354615,16022.4065428366,126.57964505731796,cyl
104793,14247,90.61328125,126.0,155.8141031518975,154.1362224402304,16029.721226018004,126.60853536005384,cyl
104722,14251,90.6171875,126.0,155.81858020955596,154.32734624353554,16033.31934241876,126.62274417504447,cyl
104900,14207,90.6171875,126.0,155.81871775357004,153.1155887813568,16051.726507020718,126.69540838965206,cyl
84061,6423,89.28125,108.0,155.44943958455593,39.0545310979835,16157.154002169289,127.11079420005717,cyl
84079,6457,89.26953125,108.0,155.43812200459703,39.4606442151666,16215.947641688603,127.34185345631107,cyl
121936,13842,82.75390625,118.0,149.20244644953053,125.04199137979059,54927.14214383502,234.36540304369802,cyl
121971,13881,82.76171875,118.0,149.20907836340962,125.71151490427404,55422.57228893401,235.41999126865588,cyl
121721,13908,82.765625,118.0,149.21471079078637,126.46023611392076,54098.18425159649,232.59016370344747,cyl
121775,13929,82.7734375,118.0,149.21885315801055,126.78616760095638,53978.67585014388,232.33311397677232,cyl
36307,7861,84.07421875,114.0,149.3776523070716,135.4426253491118,10379.199947163492,101.87835858102295,cyl
17495,4176,86.44921875,93.0,151.33104933856612,79.3226416936533,3332.458927395299,57.72745384472884,cyl
31826,5021,83.52734375,107.0,149.72961521297927,63.03598162943168,5186.8044394501285,72.01947264073883,cyl
31911,5032,83.53515625,107.0,149.73800081303796,63.14383964382997,5150.706385318917,71.76842192300815,cyl
31659,5053,83.5390625,107.0,149.74151047779733,64.1787921818635,5170.017341142468,71.90283263643003,cyl
78830,9266,92.546875,107.0,157.6021768632629,86.67287469948577,21231.61548915826,145.71072537448387,cyl
12087,2709,81.49609375,82.0,147.4819924320227,48.315849959649775,3832.366005743585,61.90610636878712,cyl
3521,499,91.98828125,55.0,155.18714773449724,5.62762567236936,3335.061575079862,57.74999199203288,inter
51524,9871,91.546875,129.0,154.68399262764083,150.48834575557444,2560.6924296194525,50.60328477104478,inter
4131,605,94.984375,63.0,157.614205851428,7.050918427161824,3094.4151637938057,55.6274677097008,inter
45498,5415,90.9609375,124.0,154.4287575496381,51.28551860744155,4823.50022062539,69.45142346003709,inter
33305,6323,88.84765625,124.0,153.07948286507235,95.52720292433949,11751.615024483379,108.40486623986665,inter
53877,9531,96.01953125,133.0,158.40244079494326,134.1725488002765,19997.801056996686,141.413581586058,inter
49346,12867,82.55078125,122.0,147.54495320446986,266.98864022521474,7024.319915135249,83.81121592683911,inter
129704,25635,94.9140625,134.0,158.16726727552816,403.1841120070718,94370.75834697281,307.1982394919815,inter
65511,13464,90.3828125,127.0,154.0481419331964,220.20344704415174,15962.582310907477,126.34311342889836,inter
99338,13700,88.8125,123.0,153.9034081878423,150.35430182265517,67737.70051968588,260.2646739757163,inter
50329,3327,82.71875,109.0,147.98304999266432,17.501587207010175,3724.678391500451,61.03014330230965,inter
9421,1722,85.08984375,67.0,149.54895038634587,25.047214004421388,8483.096608002936,92.10372743816038,inter
5469,715,87.73046875,59.0,152.09986153902582,7.438652933091442,9672.439331833848,98.34856039532987,inter
7896,1722,84.6796875,72.0,149.438001271518,29.884726840888284,2249.174465127859,47.425462202574884,inter
46628,11650,86.9921875,130.0,151.34741325557513,231.63020892800213,2484.7057774320137,49.8468231428244,inter
43221,7530,90.58984375,128.0,153.83893672364047,104.39634104670472,5038.975655414452,70.98574262071541,inter
3576,392,83.63671875,63.0,148.61555683929967,3.4195169428513714,2105.7989321067244,45.88898486681444,inter
74168,6226,93.94921875,128.0,157.03189951339982,41.5902758254693,4393.523533716545,66.28365962827147,inter
68958,7805,92.421875,135.0,155.34470211023083,70.29934744442745,3159.547063436261,56.20984845590905,inter
83250,13067,95.16796875,131.0,158.16062313551447,163.21410054015575,8380.317351440206,91.54407327315191,inter
67115,10794,89.29296875,132.0,153.05144375366783,138.14506303502878,4811.037549732402,69.36164321678375,inter
73898,11436,90.1484375,125.0,153.6564028266823,140.83342611653086,7107.024448871719,84.30316986253672,inter
42952,11137,85.578125,124.0,149.96611373973005,229.7963807474064,7564.065978006418,86.97163892905789,inter
114874,12786,95.171875,118.0,159.36878224642996,113.2498909193588,28660.301855113274,169.2935375468103,inter
40418,4430,87.13671875,104.0,151.24358739241003,38.63872337429038,6264.606254435029,79.14926565948056,inter
3263,233,90.58203125,55.0,153.7063175493936,1.323990607648775,3718.062760775274,60.97591951561923,inter
15675,2959,89.94921875,93.0,152.5467878887911,44.450076915017206,18452.760480741494,135.8409381620338,inter
10804,2243,85.9296875,110.0,149.6011200667547,37.05647525395858,4092.3566415648593,63.97152992984347,inter
101217,12143,82.9453125,130.0,147.41497793182705,115.92808584207988,8513.03610552334,92.26611569543469,inter
14689,3276,88.703125,104.0,151.18060140356025,58.14142761699928,9304.622788454188,96.46047267380659,inter
126768,21481,95.88671875,145.0,158.35613965913538,289.66064113442275,8439.490434421787,91.86669926813408,inter
6133,848,86.86328125,77.0,151.26769885807903,9.330585047868443,4322.943710265558,65.7490966498062,inter
9982,1907,85.8046875,76.0,149.1312483189065,28.9917183249949,14541.947265917319,120.58999654165896,inter
3134,225,92.10546875,50.0,154.67643993300078,1.2854529345927252,6470.825210794365,80.44143963651052,inter
9950,1920,90.25,110.0,154.85221506993352,29.482853377586082,2485.9708080369,49.85951070795721,inter
99965,11654,86.26953125,136.0,149.5096532973885,108.1165535485671,7773.06002723715,88.16495918014793,inter
6937,1008,85.3046875,67.0,149.9057288610133,11.65573072637477,4581.468709332185,67.6865474768228,inter
133065,20023,91.5859375,143.0,154.81250458480045,239.7643406506879,7194.403004244436,84.81982671666121,inter
3596,317,86.50390625,59.0,150.14105749951096,2.2237654444329076,3033.025711120089,55.07291268055548,inter
8383,1406,86.45703125,95.0,150.09297058392016,18.76555058344328,7553.124539344015,86.90871382861454,inter
80000,13548,88.609375,137.0,152.337747732052,182.5788742358369,3895.543129151806,62.414286258450524,inter
5138,701,87.484375,58.0,152.70113366832942,7.610830886560963,5895.585830572043,76.78271830673907,inter
5123,519,89.0390625,72.0,152.93435329861111,4.184084972299046,2946.857278112594,54.284963646599174,inter
8683,1520,86.2734375,94.0,151.1228833504499,21.174224376339687,6991.151706827479,83.61310726690809,inter
3301,307,81.12109375,56.0,146.24458764304578,2.2720681962235756,2533.400524730338,50.33289704289172,inter
79955,10524,91.08203125,139.0,155.15218939505087,110.2316192886436,2911.689708038627,53.96007513003134,inter
4916,754,89.48046875,75.0,153.0804280981025,9.202820547887711,2808.4437838430254,52.994752417980266,inter
65578,8559,96.984375,139.0,158.77303250929188,88.89514063151906,5106.660413709496,71.46090129371093,inter
3778,281,92.078125,74.0,155.0556197427621,1.663186006018945,2029.0013488752356,45.04443749094038,inter
22565,4366,95.375,104.0,158.23579093921168,67.22367654332402,30120.949340344047,173.55388022266757,inter
144881,10918,88.98046875,125.0,154.3893641798709,65.47339801153673,42843.612657801554,206.98698668708997,let
60513,8053,83.2421875,98.0,149.76155216891627,85.28189658303484,16659.007419815323,129.06977732922346,let
74225,8434,86.5,115.0,152.75577149965767,76.26181253736908,6678.167148204882,81.7200535254651,let
72919,9333,99.9765625,109.0,163.32719734203832,95.05872030486472,74874.83360784095,273.63266180746945,let
134579,10823,93.01953125,128.0,158.61119210925273,69.26409369564205,140540.3225034902,374.88707966998567,let
48533,9497,87.26171875,103.0,151.54736710191705,147.88559551935595,27394.31499788945,165.51228050476934,let
62124,9517,91.1796875,97.0,156.9336143816021,116.01946636115503,48363.62666682865,219.91731779654972,let
146004,22540,81.24609375,101.0,148.65783404856222,276.90653504611646,212600.44846800016,461.08616165311247,let
79505,12643,91.56640625,104.0,158.94097833528951,159.99115363243482,64434.798625580544,253.84010444683588,let
26107,5084,84.48828125,106.0,151.14241612871675,78.78512902235094,11208.902830394603,105.87210600717549,let
5600,604,92.6171875,70.0,156.39704066412364,5.184131224911866,17518.596124054744,132.35783363312783,let
101180,14853,84.6484375,106.0,149.60314349202858,173.50972561675462,681430.6416491587,825.4881232635383,let
85439,12347,84.3515625,106.0,150.5288681961561,141.98971113218195,32159.50921408761,179.33072579479403,let
124949,7906,75.40234375,56.0,143.95708703173906,39.80805615310347,297748.5581601537,545.6634110513126,let
33844,7225,92.48046875,101.0,155.76537207184077,122.73944423289755,13528.634281811286,116.31265744454163,let
101154,14816,84.67578125,106.0,149.6283048770051,172.69072532753282,678181.2319268705,823.5175966103399,let
85327,12292,84.36328125,106.0,150.5394246992371,140.91225423071666,32516.257704028183,180.32264889366556,let
86476,10899,84.98046875,123.0,149.87471497823748,109.31200200138551,16449.97358370546,128.25745040232735,let
56362,9831,85.4375,108.0,151.0570181069053,136.45804110809212,21495.56147980173,146.61364697667722,let
42623,8396,86.484375,116.0,151.1264510893486,131.6106341513672,23884.470690012775,154.5460147982237,let
75350,15161,84.7734375,108.0,150.73936631944446,242.75186480484533,21429.33120451885,146.38760604818583,let
14349,3233,86.05859375,80.0,152.31637644879694,57.96687786518377,4212.7435424818705,64.90565108279765,let
54988,12403,82.234375,105.0,147.65514429895345,222.62590574280165,19533.088543606347,139.76082621252047,let
53459,11140,86.75390625,115.0,152.64569731758607,184.73095994806275,11938.801561495124,109.2648230744695,let
81767,11899,83.15234375,74.0,148.19914462905908,137.79485466479542,137442.6720444792,370.73261529636045,let
93570,14528,87.4453125,81.0,151.27268864925665,179.50029590860854,72601.09527700688,269.4459041756005,let
19903,4031,84.359375,105.0,149.3119253716745,64.96765470676348,3132.4684513372486,55.968459433302684,let
37304,6942,92.04296875,99.0,155.41084549833724,102.80256534072504,26431.78718567345,162.57855696761933,let
51441,10694,86.77734375,114.0,152.66543029880674,176.91354823463823,12017.08994528979,109.62248831918473,let
35566,7684,85.28515625,70.0,150.76106235939946,132.1082148907111,27870.38313220763,166.94425156982084,let
72209,14589,94.86328125,98.0,157.94163319762325,234.5577861450471,99676.16297642214,315.71531951494234,let
32349,6392,86.7890625,99.0,151.11234900723787,100.50850395356551,16010.716260697123,126.53345905608178,let
36701,6566,81.0390625,103.0,146.3923733372457,93.47898648180612,6187.119690784772,78.65824617155388,let
46074,10906,84.5234375,84.0,149.74287063526995,205.43063316493527,51688.473983964206,227.35099292495778,let
32245,6345,90.13671875,103.0,154.76220321058292,99.35529280214284,7551.378313683474,86.89866692696427,let
66194,14719,87.6484375,97.0,152.2073430164319,260.4522544254257,37569.53496725674,193.8286226728569,let
81799,16740,80.453125,74.0,145.85429656934662,272.6170719127276,116836.1055667396,341.81296869302605,let
126591,19818,86.05078125,104.0,149.58621946522885,246.89196348628306,341108.5461028056,584.0449863690344,let
97256,15681,86.546875,118.0,150.40228567586072,201.19688008249935,17732.94404837332,133.1651007147643,let
49529,11014,86.83203125,104.0,151.78443261565923,194.9039858563719,9108.349002071653,95.43767077036013,let
58343,10630,92.03125,111.0,156.7994684687989,154.12316121094725,28366.770854010167,168.4243772558182,let
50388,10323,86.6484375,103.0,151.9228378080986,168.29641698044188,26895.1188287297,163.99731348022047,let
34572,7400,95.3671875,100.0,158.22500978090764,126.04600086359176,21378.677280712167,146.21449066598072,let
11328,2070,85.7890625,81.0,151.36507237871675,30.10076869943778,1960.7275119503802,44.28010289001574,let
12253,2113,92.92578125,84.0,156.68330719997067,28.99657455780048,13989.49449739782,118.27719347954542,let
16595,3027,88.9921875,85.0,153.03869571596246,43.937740661689034,6515.320678418848,80.71753637481045,let
58210,10361,91.7578125,108.0,154.9325644622946,146.7560060956167,81284.9635275114,285.1051797626823,let
41347,8997,88.4375,92.0,152.02227219654733,155.79071584287917,56121.073136320454,236.89886689539156,let
60931,9779,88.6640625,94.0,151.77831572769952,124.89375479886189,60026.35143503518,245.00275801516028,let
67642,8564,98.3359375,122.0,159.47489668916276,86.2833529103244,28336.35670261759,168.33406281147495,let
39421,6543,87.41796875,99.0,151.42022065116393,86.42041343840496,17883.777089696043,133.73023999715264,let
26107,5084,84.48046875,106.0,151.13541513839985,78.78512902235094,11109.455086013022,105.4013998294758,let
74249,10678,87.48828125,92.0,152.68007338737286,122.20229443073906,143506.80097083515,378.82291505508897,let
22721,2031,87.76953125,88.0,153.46369449334898,14.447161947345798,4349.463483331543,65.95046234357682,let
77759,11525,96.86328125,99.0,160.52948638008607,135.93188433506367,315666.95769544644,561.8424669740144,let
64401,12722,86.5703125,112.0,152.9271819065434,199.99001245698054,43559.226811261084,208.70847326177508,let
65154,10975,84.9453125,94.0,150.73350847271126,147.11539097567476,126144.6811373711,355.16852498127014,let
132260,16320,97.3515625,125.0,164.21415526579617,160.25143473067754,130585.1386690057,361.36565784397067,let
132238,16307,97.3515625,125.0,164.21418506699922,160.02285192868712,130669.88446255142,361.4828965007216,let
17531,3213,91.078125,87.0,155.18817702220267,46.86028194945059,21711.87794669396,147.3495094891529,let
43014,4908,92.09765625,74.0,156.15269830790297,44.56453848852896,37751.96175711052,194.29864064658435,let
29443,5724,99.015625,111.0,162.39968074506064,88.55382547180727,48800.219129274046,220.90771631899608,let
171891,23833,92.875,128.0,159.5693695593701,262.9628656221529,646603.4745391138,804.1165801916497,let
66362,15996,98.58984375,137.0,161.4791819493349,306.8269201145877,20922.347592853293,144.6455930640588,let
65221,10985,84.91796875,94.0,150.70967667987088,147.2322012293679,126331.97717781717,355.43209925078116,let
135712,18473,86.69140625,122.0,150.17259175714005,200.0998419778866,76884.68439280105,277.2808763560896,let
28329,5233,96.8125,91.0,159.85450135710093,76.92373464306922,43097.94815338136,207.60045316275531,let
117969,15076,87.7109375,91.0,153.74637265869524,153.31847665436374,352058.9129807515,593.3455257948369,let
124093,14031,94.55859375,115.0,158.3862090730145,126.24671933354648,99857.87671111975,316.0029694656678,let
87713,10072,83.26171875,105.0,149.33236594043427,92.0359723556762,80174.2586742083,283.1505936320959,let
182667,17360,93.02734375,110.0,157.25566528511345,131.289344921708,559630.3598682922,748.0844603841816,let
76079,9835,85.9765625,93.0,150.25755804357394,101.1751994000444,39274.601602571944,198.1782066791703,let
52743,7356,85.41015625,95.0,151.62930054284038,81.64108136378829,13550.56733191429,116.40690414195495,let
101428,15537,95.86328125,97.0,158.32527936717528,189.39416966060335,332474.74903404014,576.6062339535015,let
116712,24315,89.6875,116.0,153.209710301741,403.10962929994116,242266.63366508385,492.20588544336186,let
104342,13145,83.10546875,87.0,147.30643889377936,131.7808061502811,127993.80724689999,357.7622216597219,let
37933,7779,88.765625,88.0,154.38096329714395,126.94642877816032,21818.945937690016,147.7123757093156,let
104372,13153,83.08984375,87.0,147.29080701657864,131.90333328964047,126889.84963643055,356.2160154126012,let
108632,12046,85.953125,90.0,149.96185828076094,106.2962830209605,109324.16961289238,330.64205663056896,let
18517,4071,87.56640625,80.0,151.87543708431141,71.223238030314,15699.453725138153,125.29746096844163,let
78909,15070,84.75390625,119.0,151.24626338761738,229.02880175512666,32716.93704428809,180.87823817222483,let
79055,15096,84.734375,119.0,151.22823365977115,229.39532732740906,32749.53770134763,180.96833342147912,let
108068,14887,84.421875,89.0,150.30872976574727,163.19520666646588,1277692.1793012992,1130.3504674663072,let
69159,10987,92.4921875,118.0,157.38247475303208,138.89917940962448,53801.574042596025,231.95166315979722,let
33640,5784,88.4765625,77.0,153.97546520442097,79.13902901068572,43556.667452325855,208.7023417509393,let
33763,5791,88.5390625,77.0,154.02800014060054,79.04169358621799,43079.555547366166,207.55615034820377,let
155761,15849,89.06640625,123.0,153.47526500146714,128.33205243405797,75630.9012640314,275.01072936165855,let
93371,10407,89.78125,93.0,154.25696507604655,92.30585194078348,373022.38413189934,610.7555846096697,let
60374,10851,85.92578125,78.0,152.18039432340572,155.19571015301028,79236.6904562448,281.4901249710988,let
21564,3336,85.59375,93.0,149.35342851379107,41.06888354562284,21955.28964057583,148.17317449719374,let
119370,19639,88.3671875,128.0,152.2388077379206,257.11871110768976,44209.2751075978,210.26001785312823,let
47937,9636,93.9921875,98.0,157.74444704249802,154.13911714146107,79512.06396928226,281.9788360307955,let
125149,18608,91.75,91.0,153.52692958969092,220.1720301762404,1590953.480310551,1261.3300441639178,let
91746,8845,80.03515625,104.0,147.22371533890848,67.85762756264533,60660.12559355587,246.29276398943568,let
155687,15815,89.0703125,123.0,153.47733045407864,127.84277186389521,75599.286254604,274.9532437608329,let
119460,19738,88.34765625,128.0,152.21997337759194,259.52184189297117,44614.79540814429,211.2221470588354,let
73535,12749,78.71875,83.0,143.88338942072573,175.89288872293693,102048.3930886056,319.45014178836357,let
39267,5606,91.79296875,126.0,156.5372996442195,63.68961159644949,4551.357623331556,67.46375043926595,let
119680,19548,88.30078125,128.0,152.18110114681141,254.08160033902954,44681.667542372365,211.38038589796443,let
36147,8032,84.45703125,103.0,149.35187503056534,142.0251564916325,6986.462249912245,83.58505996834748,let
52338,10188,88.80078125,119.0,154.92212945642606,157.81594699380662,10162.752369965681,100.81047748109162,mod
118186,13204,92.2890625,102.0,158.88375238409625,117.39108943868749,172430.7877267771,415.2478630008553,mod
171738,10094,93.40625,95.0,160.1275598469288,47.21177577262882,457243.1330501411,676.1975547501936,mod
88063,16713,87.6015625,107.0,154.08848282839398,252.40937767492917,205336.85024469256,453.14109308767456,mod
79106,12451,86.8125,133.0,152.8832549332453,155.95136389047252,5052.076960795016,71.077963960675,mod
113359,19306,88.6796875,92.0,155.15453069982394,261.6487917443614,2023767.4612062313,1422.591811169399,mod
63497,11716,88.5390625,110.0,153.63114057609545,172.02661947972808,44920.726535745634,211.94510264628818,mod
45491,8763,96.265625,120.0,161.09076223836072,134.3291527688117,15117.065944476406,122.95147800850711,mod
147558,12126,84.76171875,91.0,150.20326560054775,79.29804923155419,1120887.6096310709,1058.7197975059646,mod
64500,12269,86.0625,95.0,152.60930622799296,185.71575758659904,25577.483869323944,159.92962161314566,mod
77736,11535,96.8828125,99.0,160.54750006113068,136.2081655725624,315342.41197910707,561.553569999432,mod
71089,15787,85.6171875,95.0,150.85917479704617,278.9889155848583,39291.5765073499,198.22102942763135,mod
24043,3053,93.69921875,114.0,158.64504398351917,30.8499943011568,6767.222182945752,82.26312772406452,mod
25409,3054,93.703125,116.0,158.64737306215764,29.210610122454412,6688.277440980833,81.78188944369549,mod
80972,10221,79.65625,107.0,146.8145073784722,102.6696416306332,21697.454708185134,147.30055908985932,mod
72947,13435,89.23046875,119.0,154.08177908597418,196.90558818735667,28517.460627751647,168.87113615935567,mod
63269,8037,99.67578125,99.0,162.49321525943859,81.24321521842289,40549.09954770384,201.36806983159926,mod
63378,11494,76.73828125,87.0,143.13037415028364,165.87998652004188,49296.35692526299,222.0278291684693,mod
87373,13942,95.01953125,100.0,158.87207489730045,177.03659377415684,82950.50879363707,288.01129976727833,mod
131929,15514,80.2734375,88.0,146.09621433025234,145.17687361193742,45092.06516516398,212.34892315517868,mod
102372,14794,94.84765625,116.0,158.97829708284428,170.12971587217984,67914.22829601893,260.60358458014144,mod
102415,14790,94.85546875,116.0,158.9834045505673,169.96633689980894,67867.98731766798,260.5148504743405,mod
63641,14779,147.15625,133.0,198.73162488385174,273.1135448025073,61154.358464678066,247.29407284582877,mod
29044,5888,94.7578125,84.0,160.28084577342528,94.98812400838159,45714.871765685835,213.81036402776604,mod
24071,5343,88.171875,71.0,153.66005232785602,94.37703984052186,49029.12821994546,221.42522037912812,mod
19966,2858,98.296875,88.0,162.9049654917351,32.55543615609707,12326.940184975505,111.02675436567307,mod
61482,10975,88.4609375,100.0,152.42723616001567,155.9018279110815,16084.039317663843,126.82286591014983,mod
35766,7163,82.26953125,91.0,147.26979334776019,114.15887126491062,10068.759554032164,100.34320880872887,mod
111601,15255,90.89453125,134.0,155.83590234986306,165.93823783166818,41038.059495634276,202.57852673872983,mod
37216,4969,87.34765625,93.0,154.3949408255086,52.79568589906501,31756.087710727734,178.2023785215218,mod
77220,12538,86.55078125,103.0,150.8897256149746,162.00069200844194,162594.8887427439,403.23056523872776,mod
86657,18184,92.23046875,96.0,157.5628698405712,303.6444387329825,61530.41024630881,248.0532407494585,mod
21825,3661,91.859375,90.0,156.18628426374218,48.869212577781646,4453.182264208,66.73216813657413,mod
94348,12601,77.15625,82.0,144.9482230841647,133.92679033466612,95618.6999697214,309.2227352083307,mod
87917,16672,87.609375,107.0,154.0976707685348,251.58959674235095,204222.02076125878,451.9093059024773,mod
60142,9456,87.51171875,93.0,153.96151900552624,118.3115643442898,59466.260045199444,243.85704838121748,mod
44652,12220,92.859375,93.0,155.75313829592136,266.1286504972206,53323.437760924426,230.91868213924232,mod
146063,25879,80.42578125,113.0,151.60307854068859,364.87566603352275,81361.77346911805,285.23985252611186,mod
59977,9413,87.54296875,93.0,153.98855786629497,117.56052434163857,59501.32263061168,243.92892946637485,mod
46034,8311,91.5859375,101.0,156.46201416397693,119.40375570184389,58481.868423959284,241.83024712380228,mod
135250,14750,84.84375,113.0,150.21599377078442,128.00793828624947,173319.27885591314,416.31632066964795,mod
38351,9498,93.16015625,93.0,157.1966657802719,187.1879007434726,29797.925736222478,172.6207569680497,mod
21438,5377,93.1171875,120.0,156.49420710460683,107.32130435816161,1701.803033147994,41.25291545028053,mod
34660,3196,94.5,104.0,159.80440171410407,23.451742602379475,15519.722268128506,124.57817733507143,mod
37183,4084,84.78515625,99.0,151.9169486318955,35.69580464871763,9864.406583087188,99.31971900427018,mod
108858,13456,83.78515625,114.0,150.54847662363068,132.3615188138427,23308.663167321283,152.67174973557252,mod
30921,5696,85.63671875,88.0,150.28950569737873,83.4980948567281,18196.168039642944,134.8931726947029,mod
49576,7291,86.75390625,98.0,150.9082237566021,85.32825207151865,20269.20988559418,142.3699753655741,mod
68413,13203,90.44921875,90.0,153.4360810042547,202.7667533087221,58289.147798268306,241.4314556934707,mod
101308,17860,78.70703125,92.0,143.13751192048122,250.55859401762712,48909.90604544256,221.15584108370857,mod
47794,7792,82.89453125,90.0,147.9425471011835,101.09150088640207,9010.36275723764,94.92293061867423,mod
31436,3725,93.0078125,103.0,156.82086955325704,35.12492536008844,7567.639591916124,86.99218121139465,mod
31406,3721,93.015625,103.0,156.82601140698355,35.0830101957338,7515.145255486641,86.68993745231704,mod
39913,5349,90.41796875,106.0,155.66757522129305,57.04544333815592,9651.071984345073,98.23986962707694,mod
119789,15117,85.44921875,111.0,150.53216161116003,151.81141305940025,613954.962503822,783.5527822066756,mod
72841,11089,88.61328125,101.0,154.88890493569053,134.3380387350359,55000.74647833571,234.5223794829306,mod
47131,7422,93.67578125,99.0,158.92014882262325,93.00908705708946,30922.417892373807,175.84771221819693,mod
112960,17593,90.37109375,132.0,156.37761486453442,218.04456087446826,22125.69997866827,148.74710074037836,mod
118647,17566,88.8828125,91.0,152.3213349105047,206.9565286916961,2594673.479856237,1610.7990190760102,mod
77087,16229,87.6953125,92.0,152.54319034868936,271.8895475169179,49786.235269334386,223.12829329633297,mod
27616,4700,87.96484375,93.0,152.66907979998044,63.65390883726767,9674.83363480334,98.36073217907307,mod
36221,6648,89.30859375,97.0,153.00587542180165,97.0983212227005,10484.011108284281,102.39146013356915,mod
85342,12472,87.1484375,96.0,149.7900276004988,145.04391844238305,134635.60115645546,366.92724231985756,mod
138278,8922,84.71875,92.0,152.22612465155518,45.81012579374981,535745.2125285021,731.9461814426674,mod
55996,10082,81.6796875,93.0,148.18385890429383,144.4529839068647,42216.90134618251,205.4675189566042,mod
40680,7374,91.6328125,114.0,156.01312475547732,106.36909353923252,34906.053595764126,186.83161829777134,mod
83486,13809,87.00390625,100.0,153.14479487602702,181.76109971632948,97550.34923259652,312.3305128107027,mod
83457,13770,87.01953125,100.0,153.1560207599765,180.79867661783462,97578.2675546579,312.3752031686541,mod
166255,13608,90.765625,130.0,155.5159551056338,88.63474955884068,231763.8193864232,481.4185490676727,mod
41908,7459,84.91015625,98.0,150.01925769023867,105.64633003694921,23655.90288144993,153.8047557179229,mod
163235,20384,79.8828125,92.0,148.28973111673514,202.56092600832605,276117.1186678482,525.4684754272592,mod
88162,11038,83.75,81.0,149.6218410724765,109.9738632646831,53785.531569959945,231.9170790820718,mod
123936,14010,94.56640625,115.0,158.39334073014479,126.02854757928094,99849.62437419922,315.9899118234619,mod
93893,11735,83.421875,99.0,150.8412275956084,116.7140416380726,289484.4548511595,538.0375961316824,mod
83395,13725,87.01953125,100.0,153.15715549809272,179.75245444436248,97384.56300439176,312.0649980443045,mod
47569,9040,95.17578125,122.0,160.2153801716549,136.71084737306475,14409.744534259218,120.04059535948336,mod
96852,14850,88.984375,121.0,153.84774794600938,181.19009384412553,72702.69878713085,269.63437983152454,mod
54722,9178,96.03515625,91.0,160.9960127518584,122.49666946864953,84170.35810925864,290.12128172414145,mod
79463,12794,92.65625,122.0,156.75944698136735,163.92223680514937,55367.31657975822,235.30260640239032,mod
43984,8336,94.44140625,97.0,157.00381608225743,125.72186804745627,183079.07516641665,427.8774067024533,mod
73649,13599,84.0625,106.0,150.159404342723,199.81920609227421,194185.69151419782,440.6650559259241,mod
83913,16193,85.14453125,117.0,151.00469407154733,248.6654911785777,118354.30792743877,344.02660933049754,mod
43443,6911,93.76171875,85.0,157.70545560690533,87.48873027547133,68901.90466415447,262.4917230393265,mod
74254,10696,87.5,92.0,152.68861487064748,122.6063802484817,143454.9191264873,378.7544311641612,mod
192806,13691,69.68359375,69.0,138.0906827684859,77.36418096817984,9411469.677959196,3067.8118713440035,mod
184379,12176,95.21875,103.0,159.5452000195618,63.98644169989617,1867190.3125770674,1366.4517234710736,mod
148608,17552,89.4375,114.0,153.11133653046753,164.9685537564812,501937.1408120475,708.4752224404517,mod
153249,4504,84.0859375,87.0,150.19823225376567,10.533901435054318,307831.27154431515,554.8254424089753,mod
81643,15500,84.85546875,104.0,152.38239681142412,234.17179107717658,49442.15431333726,222.35591809829856,mod
200798,22988,84.11328125,124.0,151.4834442855047,209.42722110115068,374755.09111190075,612.1724357661824,mod
129804,8325,86.484375,87.0,155.10054467429578,42.48841639249653,297659.0539499854,545.5813907658375,mod
129796,8337,86.48828125,87.0,155.10486584873829,42.61362013761905,297602.4927758679,545.5295526145837,mod
106983,14651,82.41796875,82.0,148.54985512030518,159.66506441550456,101747.03385860732,318.97810874511015,mod
107069,14701,82.40625,82.0,148.54079326217723,160.6275904660056,101549.16489093596,318.6677970723367,mod
170305,7562,84.30859375,103.0,150.0542198503521,26.7199772102869,159030.8093705789,398.78667150567975,mod
65483,12577,87.87109375,92.0,151.15361603213026,192.22757626573414,201757.09718245044,449.1737939622596,mod
88129,14750,89.90625,97.0,153.41008136492567,196.45149330203725,613232.395247073,783.0915624925817,mod
138483,20668,76.625,109.0,145.0336715387813,245.46556642873065,348457.8114840215,590.3031521887898,mod
39984,5134,86.7421875,96.0,152.33623474789712,52.458470728274825,11452.781658699048,107.01766984334432,mod
77747,11547,96.87109375,99.0,160.53855740781495,136.47239951801862,315839.07908406947,561.9956219438631,mod
146412,14930,97.03125,113.0,161.2805439407277,121.15269470536781,486072.4318463291,697.1889498882847,para
146422,14924,97.03515625,113.0,161.28497056558098,121.04707012736553,482808.57526479,694.8442813068191,para
146354,14946,97.04296875,113.0,161.29104084140258,121.46062042609576,483845.638200824,695.5901366471667,para
146366,14944,97.04296875,113.0,161.2914511810446,121.41816064244293,481971.8101651291,694.2418960024878,para
146344,14946,97.04296875,113.0,161.29195550909625,121.46892009129735,482113.2204337966,694.343733631835,para
146409,14919,97.0390625,113.0,161.28878282717136,120.97671556920945,482123.4670476973,694.3511122247139,para
146343,14948,97.0390625,113.0,161.28807447549883,121.50226126093908,482066.27246978827,694.3099253717955,para
146345,14946,97.04296875,113.0,161.28968374046363,121.46809007373548,481975.2321427048,694.2443605408004,para
146353,14944,97.04296875,113.0,161.29200135710093,121.42894577215228,481928.8979229523,694.2109894858712,para
160387,18840,100.34765625,118.0,165.0517983115708,176.10949381408295,233519.02038010122,483.2380576694071,para
160416,18837,100.34765625,118.0,165.05252729484548,176.02158552247292,232958.74829827482,482.658003454076,para
160442,18822,100.3359375,118.0,165.04297715546753,175.71288405254722,233011.9323969559,482.7130953236673,para
160378,18839,100.34375,118.0,165.0500950581964,176.10068079667377,233191.28435959213,482.89883449806763,para
129968,13950,90.8359375,108.0,157.22555002322966,119.15221367198296,248387.66148489976,498.3850534324838,para
130031,13940,90.84375,109.0,157.23239971513107,118.92380086061107,249660.8172228754,499.66070209981035,para
64409,4893,96.13671875,98.0,159.62888256186423,29.579716756451077,55066.46056837886,234.66243961993334,para
32127,3336,89.16796875,102.0,154.73145371796753,27.565891766358853,4963.877483650966,70.45479035275717,para
88011,6192,82.44921875,76.0,149.910804235133,34.66690543235561,208697.46170248865,456.8341730896329,para
91788,6496,84.69921875,112.0,151.8448113813087,36.58442734927708,26960.358273647813,164.19609701100637,para
85937,5373,89.22265625,116.0,160.01776304528562,26.732749474077437,97647.31704365544,312.48570694298235,para
40120,3106,95.625,87.0,158.3909543415004,19.135160725001047,16246.506049326801,127.46178270103867,para
40106,3080,95.63671875,87.0,158.40012394243934,18.82271296248636,16234.408694623657,127.41431903292367,para
40097,3102,95.6328125,87.0,158.3984183966647,19.096854640337508,16222.852512698923,127.36896212460445,para
11338,1025,90.62890625,91.0,154.17647508313772,7.373970809927789,6220.192777291724,78.8681987704279,para
21453,3256,93.796875,99.0,157.93756113067295,39.32519598113736,28448.98488999339,168.66826877036885,para
29123,3887,90.92578125,81.0,155.59011119669404,41.28412715694799,16942.901497562176,130.16490117371185,para
82163,15246,92.32421875,95.0,155.28617331157082,225.12601229404225,605067.7563704671,777.8610135303525,para
116833,17995,85.90625,89.0,150.33151011101333,220.56079040549812,552500.2471036958,743.3036035858402,para
42293,8087,86.0859375,91.0,152.00691846390848,123.05422507778454,24127.738964802007,155.33106245951583,para
153291,11035,79.5234375,65.0,146.94729619033646,63.214710534556446,436140.89944652613,660.4096451798127,para
153249,11041,79.52734375,65.0,146.9526489448846,63.300815705967295,436481.44553603337,660.6674243036608,para
73644,11842,89.6484375,99.0,153.9502625562402,151.53148528751703,84549.37170274806,290.773746584433,para
73598,11834,89.6640625,99.0,153.96271487431534,151.42139858125668,84678.0740723587,290.9949725894911,para
67572,11846,87.82421875,80.0,155.40920948870306,165.25964640824344,519755.02177460026,720.9403732449725,para
46917,8187,92.7734375,72.0,157.25847118300078,113.68665341792138,93461.95834733392,305.7154859462208,para
80250,9765,87.79296875,108.0,153.60592875831378,94.55610846348833,35939.64706323694,189.57754894300362,para
43579,7705,90.80078125,81.0,154.67863834482588,108.40720857993676,32041.871585309083,179.00243457927908,para
47012,9531,98.8515625,88.0,161.81406494522693,153.76530272510203,88076.88554737694,296.777501754053,para
115874,17952,91.90625,130.0,157.76373300567295,221.32466521005654,62110.97191592115,249.2207293062139,para
52958,5521,89.453125,108.0,157.4243958761248,45.803013781807906,18336.26761253915,135.411475187811,para
68721,13870,89.1171875,94.0,153.9494288866882,222.76840101057348,89040.47739897267,298.3965103666138,para
21117,3492,91.85546875,84.0,155.26572204494326,45.95220822036582,7753.262041582751,88.05260951035325,para
44306,6834,91.4453125,95.0,156.70306921826094,83.88369292386074,20366.77362177777,142.71220558094453,para
63243,14076,94.70703125,87.0,157.4113246099863,249.3079854202231,146427.09001665097,382.6579282030505,para
212240,22403,89.421875,123.0,157.02876885881258,188.18077672101265,1876428.22566615,1369.8278087650833,para
212288,22430,89.421875,123.0,157.02939697647693,188.59198760352376,1875081.5657804408,1369.3361770509246,para
212163,22451,89.42578125,123.0,157.0313936570814,189.05661077042828,1878585.9332477932,1370.6151659921882,para
83964,9353,93.0859375,109.0,157.44504046850548,82.90846694507863,57358.9623714405,239.49731182508188,para
84003,9367,93.0625,109.0,157.42294860744326,83.1182479473274,57615.84763857548,240.0330136430726,para
83976,9371,93.078125,109.0,157.43913524550078,83.21599829673545,57122.82533964373,239.00381867167673,para
80736,7823,87.80078125,121.0,153.49942689994134,60.32114375406994,8487.592122824095,92.12812883600803,super
43368,7513,92.26953125,126.0,155.80169056875977,103.57322980086026,3348.5073054415816,57.86628816021969,super
53304,5579,84.3515625,110.0,150.08783407912756,46.466831382978086,19236.386408886072,138.69530060130398,super
71873,9627,84.12109375,132.0,149.6872432511737,102.61392666092571,1685.4286692546946,41.053972636697345,super
42056,7229,85.43359375,125.0,150.57562093481025,98.88231409818064,2145.372813526469,46.318169367176736,super
76113,4927,92.3984375,136.0,157.24477638399844,25.38028067171204,2344.8920606710435,48.424085542951076,super
49741,5751,84.9609375,123.0,150.22751384609742,52.91299679315142,2262.516229685006,47.56591457845634,super
65420,9402,88.97265625,126.0,153.0684525992762,107.52763401161647,4774.661414690737,69.09892484468001,super
27958,2258,93.2109375,104.0,156.76997673977897,14.512155076729135,4568.900337269595,67.59364124878608,super
76814,11916,82.18359375,114.0,147.75227406103286,147.09934671569064,16428.377493938682,128.17323236128004,super
85485,9540,82.3828125,116.0,148.03213028169014,84.72215019419981,17457.49316833009,132.12680715256116,super
86983,12617,84.140625,119.0,151.16409000880284,145.63573766522438,11802.606546750383,108.63980185342011,super
73680,7533,84.72265625,108.0,149.88511789050276,61.288141731016744,12313.830645668471,110.96770091188009,super
96095,6035,91.59375,125.0,156.59967050567292,30.16087201317507,10970.920127203244,104.74216021833445,super
27955,2308,85.3359375,102.0,150.05366814602894,15.163597509895654,2652.885309523615,51.50616768430374,super
39315,1760,90.515625,111.0,154.45339932389476,6.26985058783486,4642.2095667271515,68.13376231155264,super
84335,6282,93.7578125,136.0,158.4220201853482,37.23729718637366,1809.740766614048,42.54104801969561,super
50217,5743,89.2890625,104.0,154.88025570960485,52.265728056724846,10809.978729965085,103.97104755635141,super
92702,6861,93.35546875,112.0,158.10736150846049,40.408792285503665,45024.09528862822,212.1888198954606,super
123344,8126,81.6640625,114.0,148.79396059516824,42.601583648297,26339.62377747074,162.2948667625404,super
41595,5072,86.79296875,119.0,151.950536880135,49.21613409722967,1733.1171111390381,41.63072316377699,super
43955,2922,88.69921875,109.0,153.37954277313182,15.45760747507476,9278.975755866473,96.32744030579487,super
84134,6008,88.76953125,133.0,153.51119990341354,34.14117367390955,2539.5542867884506,50.3939905820967,super
50864,4336,89.796875,120.0,154.22972066339005,29.414276629410217,5489.296604566226,74.08978745121507,super
2588,221,89.6171875,22.0,153.92022141529733,1.5017941606551894,2015.1270820734094,44.8901668750898,super
87044,7183,90.66796875,131.0,155.69478830447966,47.16969070581265,4968.506775071479,70.48763561839395,super
103205,12168,84.1328125,131.0,149.69691412363068,114.16363802574136,3997.8504559141193,63.22855728161223,super
156173,11985,88.55078125,136.0,156.2161297865317,73.19143461283974,6602.474760695144,81.25561371803886,super
93032,7913,86.8203125,132.0,152.37773406934662,53.55994346494564,5100.689891478754,71.41911432857981,super
86161,10187,92.046875,132.0,158.19504581743936,95.84556403452956,7792.1795292114875,88.27332286263777,super
70132,4942,86.33203125,116.0,152.21210356758607,27.71273532433586,8801.712740315153,93.81744368887459,super
136237,15301,86.890625,137.0,153.77956202929383,136.752317391,15096.334158017678,122.86714026955164,super
91407,7947,87.203125,132.0,152.65383763081965,54.98156614030938,4412.3504007068295,66.42552521965355,super
81147,11038,89.4140625,131.0,154.66260682585093,119.48088941231336,5487.896555526575,74.08033852194909,super
3389,345,96.14453125,50.0,159.42429348224766,2.7948387579688467,4787.473263018942,69.19156930594175,super
64222,5719,90.55078125,134.0,155.11549341622654,40.527190967766806,2374.9124353485986,48.73307332139641,super
76633,7455,83.55078125,124.0,149.37065437328837,57.71246232753412,5099.167332206854,71.4084542068154,super
88771,10556,90.05078125,131.0,154.62713651701878,99.88902794189019,7068.44531922203,84.07404664474068,super
127215,9419,95.47265625,141.0,160.22398584213616,55.49596498921807,5595.87688887025,74.80559396776587,super
64129,6486,89.78125,132.0,154.4424424149061,52.20229023030688,2133.0955046290405,46.18544689216551,super
61404,4552,84.05078125,120.0,150.89836414319248,26.853319538987755,6316.5469340101545,79.47670686440244,super
59146,3663,88.0625,124.0,153.41731923660015,18.052551572604905,6951.55862800856,83.37600750820683,super
78073,5581,85.5625,124.0,152.45603252763104,31.74777642979224,4304.15448918592,65.60605527835003,super
50267,5136,87.18359375,121.0,153.47502047877546,41.759683586943616,4391.298714533529,66.26687494165942,super
77844,5966,95.4375,134.0,159.6857898694249,36.38576330636243,3297.4769702782933,57.42366211134826,super
71502,7837,90.80078125,131.0,155.68519995843113,68.3552128190865,20707.27520246251,143.90022655459063,super
62838,5590,92.84375,134.0,158.23521172608568,39.572309567696735,2739.0619473230176,52.336048258566656,super
72976,7045,84.25,122.0,150.37040526579617,54.12178054710128,8630.179703608479,92.89876050630858,super
90631,4926,86.296875,126.0,152.30050004890452,21.306012577803138,3242.796555416142,56.94555781986986,super
48388,5755,82.83984375,68.0,152.93070685397106,54.46821209883805,260002.46515539108,509.9043686372878,svar
87843,8451,95.26171875,71.0,159.62197632409035,64.69924013189583,323690.9339738681,568.9384272255373,svar
87600,18212,88.47265625,121.0,158.03410327415884,301.3015133973388,185787.75873346842,431.03104149639665,svar
107233,11799,89.53125,80.0,160.35832508069248,103.31231234141302,646999.6146698524,804.3628625625703,svar
135630,20139,85.48046875,83.0,151.6839689395051,237.96340689008537,413764.33124666545,643.2451564113526,svar
73120,12001,83.50390625,76.0,149.26134967356222,156.7432418149759,73378.77237746606,270.88516455772555,svar
138931,19535,80.09765625,79.0,147.2127706560544,218.58371627937225,307988.266229435,554.966905526298,svar
122362,20788,87.71484375,93.0,153.46932004352504,281.0405491492372,206503.14243222974,454.42616829604975,svar
111295,14478,83.84765625,100.0,150.22665801667645,149.87583881742586,85212.83778651638,291.9123803241589,svar
39984,5330,90.4296875,107.0,155.67578889133412,56.540326915808144,9656.754546437114,98.26878724415558,svar
31406,3721,93.015625,103.0,156.8257890441608,35.0830101957338,7515.715516791172,86.69322647583935,svar
125261,6555,81.29296875,64.0,148.0815116392801,27.297297537326607,114984.6600523704,339.0938808831124,svar
65065,10165,92.5859375,98.0,156.5693710876369,126.37392311318271,99535.01981163098,315.4917111615311,svar
22306,1817,91.234375,90.0,156.26975514108958,11.778182863658175,7183.996853663852,84.75846184106842,svar
34921,5219,89.08984375,98.0,153.34265270442097,62.06947299467749,12320.590782852047,110.99815666420793,svar
39338,3309,82.953125,79.0,149.2148758436033,22.149880846011353,85161.63358306323,291.82466239689757,svar
69311,14759,84.515625,104.0,150.19690495402972,250.0931730560212,21378.000538730535,146.21217643797843,svar
37811,8253,88.9921875,115.0,155.23661696742957,143.34932845295896,13440.901947028693,115.9349039203841,svar
12055,1871,89.765625,74.0,155.1273290786385,23.108432979682934,15113.782926180094,122.9381264139815,svar
97395,8150,76.94140625,71.0,144.01067188722615,54.271108411732726,79113.71369208684,281.27160128972645,svar
69613,7951,87.8671875,76.0,153.01113724447382,72.26754351569117,94054.9939983031,306.6838665438779,svar
21228,4655,91.31640625,82.0,156.3503429430751,81.23074337506729,38098.067039272806,195.18726146773207,svar
65742,12059,92.61328125,127.0,157.30906598444835,176.02316040741047,29939.85595098597,173.03137273623523,svar
123484,16147,86.69140625,99.0,151.8587086756651,168.02083453319764,576330.3866897649,759.1642685807631,svar
44838,9900,84.2890625,110.0,152.3041464935446,173.94593840533324,14451.658634684904,120.2150516145333,svar
59338,6221,94.24609375,97.0,158.57235502860917,51.901228108155735,13975.862344553416,118.21955144794543,svar
121407,14364,83.65625,71.0,149.16391960705204,135.23752098043764,490254.74235118047,700.1819351791222,svar
41116,8206,85.54296875,96.0,151.68378019855243,130.32937237908888,35117.486343189514,187.3966017386375,svar
32301,5185,93.328125,100.0,159.01836441828053,66.23258258172673,9720.804689962732,98.59414125577001,svar
74943,13257,86.14453125,103.0,151.60998707086267,186.6162999686871,27566.194991347715,166.0307049655205,svar
68063,5223,85.65234375,88.0,153.04253701462247,31.89474249267096,24634.325951646188,156.95326040463826,svar
19168,4097,86.6796875,99.0,153.50666018681534,69.68595612920461,4497.918213058376,67.06652080627394,svar
26039,5005,90.78515625,114.0,157.20362856391822,76.555077063742,2898.181547639475,53.83476151743848,svar
70046,10356,90.1875,107.0,156.53760147691705,121.84027756668135,22255.996538686206,149.18443799098551,svar
89398,10057,84.79296875,100.0,151.09167614192097,90.03248416477102,48475.216139158125,220.1708794076958,svar
88786,10925,85.25,101.0,152.25067472980245,106.97653743029645,63396.61212729631,251.78683866972932,svar
72787,9221,80.69921875,95.0,148.2369302621283,92.95919628943791,45578.13906231428,213.49037229419568,svar
84163,9721,83.55859375,97.0,149.94827046043622,89.349230105046,51570.66727530631,227.09175959357555,svar
44460,6889,87.4765625,96.0,154.3166912717625,84.94406632919366,14894.03039603854,122.04110125707052,svar
133032,13871,92.52734375,110.0,157.4330787240806,115.09317190214216,515103.5240366749,717.7071297100753,svar
17016,2204,89.9375,102.0,155.5301947317586,22.717254291322295,5466.075389899827,73.9329114123056,svar
98122,23276,79.91796875,112.0,147.21829228408646,439.3801585783632,174668.4063245421,417.93349509765557,svar
25452,4246,87.09375,100.0,152.89266676447576,56.36742570350708,12291.367991017616,110.86644213204289,svar
36072,4588,88.49609375,107.0,155.07162375293427,46.43727556579848,8697.357494834923,93.25962414054071,svar
30925,4123,91.6015625,108.0,156.81671878056534,43.74285220059479,4654.560997945933,68.22434314777925,svar
118038,23405,81.375,120.0,148.76164233665887,369.30533758177575,56930.04501829653,238.60017816065547,svar
146117,5811,83.046875,67.0,150.52796040566315,18.390398496061373,231065.7526147555,480.69299205912654,svar
86705,11941,85.296875,93.0,150.6263991282766,130.8661693337853,39320.391697930354,198.29370060072597,svar
74794,11115,88.828125,111.0,155.10558795481222,131.4444670980575,21620.748178030124,147.03995435945336,svar
71559,10480,92.484375,111.0,159.16379123263889,122.13733465923295,29065.49149694579,170.48604487448756,svar
71181,7580,87.734375,97.0,154.22697971684272,64.23392529091454,15538.710455490851,124.65436396488833,svar
82287,10861,87.87890625,104.0,153.01118996967918,114.0771162565156,84784.31405591467,291.1774614490529,svar
64639,11070,92.16015625,121.0,157.09092194224374,150.8657821570724,24859.158817681047,157.66787503382244,svar
71105,11930,89.33203125,119.0,154.82949509120695,159.28353392911677,43674.652907176496,208.98481501577214,svar
56624,9511,94.453125,104.0,158.8430378276604,127.12821643559158,41953.36488443781,204.82520568630662,svar
73185,6756,91.8984375,86.0,156.87261284722223,49.63035030807458,57040.32609298974,238.8311665025939,svar
207264,8017,87.49609375,84.0,153.46673880086072,24.676867420731174,2074556.5242795383,1440.3320881933923,svar
144455,11202,90.234375,101.0,155.03551615683685,69.12715669072597,401329.9357160968,633.5060660452249,svar
129379,10172,88.734375,100.0,153.87531405883215,63.64130095789148,504197.26581213315,710.0684937469998,svar
147949,14459,80.33203125,91.0,148.64001216500392,112.44874618008257,1809300.8050560742,1345.1025258529828,svar
122037,13012,83.12109375,90.0,148.83516419698745,110.40448652083708,348709.16318591515,590.5160143348486,svar
122035,13008,83.12890625,90.0,148.8416127188478,110.3384266669799,349258.6583142936,590.981098102379,svar
122075,13020,83.12890625,90.0,148.84229126931731,110.50587595705646,348977.287261236,590.742995947676,svar
94675,8087,89.11328125,87.0,154.48611340351135,54.970502679849396,496711.24103531364,704.7774407820625,svar
105247,14653,81.92578125,99.0,147.58694462783646,162.34297854396124,523207.5452391347,723.3308684406705,svar
105241,14659,81.93359375,99.0,147.5921873471733,162.48521880153186,523588.2361982562,723.5939719195125,svar
115008,18693,94.00390625,125.0,159.0185951865708,241.77984611633815,144407.37376396023,380.00970219714156,svar
148244,15547,79.7578125,105.0,146.33747264402385,129.7496539596275,288892.8402129656,537.4875256347497,svar
73363,11240,86.45703125,116.0,151.10648657570422,137.03947179345607,52252.54891105971,228.58816441596383,svar
73209,11250,86.46484375,116.0,151.11326520319835,137.57220755008265,52217.161619829625,228.5107472742357,svar
79581,9738,94.7421875,106.0,158.60960041935644,94.82443949750319,95650.88364382397,309.27477046119355,svar
48255,11286,93.8671875,104.0,157.6445984937402,210.0525256841642,100086.84847055485,316.3650557039365,svar
72474,5442,88.39453125,92.0,155.7338676154147,32.518086293469146,26094.98719929092,161.53942924032796,svar
117073,9411,75.4921875,72.0,142.72978408646324,60.20117051574398,452576.7809819597,672.7382707873544,svar
230476,9504,79.0234375,76.0,150.8884464556436,31.187264479159715,2230810.859232722,1493.5899233834975,svar
72443,5436,88.40625,91.0,155.74508662216354,32.4603056695612,26070.916453087346,161.46490780688956,svar
72482,5431,88.41015625,91.0,155.7456849386248,32.38318591793235,26089.83641870477,161.52348565674518,svar
122970,15684,87.3046875,108.0,152.4786738006162,159.18591210448625,148638.68942339855,385.5368846471094,svar
146877,3974,85.5625,53.0,150.39040951437792,8.556419487219719,369188.6213199499,607.6089378209886,svar
160248,5954,92.44921875,60.0,156.33746653095656,17.60415479313654,1222793.8518859344,1105.800095806622,svar
72452,5438,88.40625,92.0,155.74408942806141,32.480160305736256,26103.66399949631,161.56628360984328,svar
117001,19815,83.10546875,93.0,149.7837762250587,267.0476223955583,386121.2972971846,621.3865924665454,svar
72469,5436,88.40625,92.0,155.743401707991,32.44865975272216,26077.64276285517,161.48573547795226,svar
72510,5447,88.41015625,92.0,155.74674861233373,32.56169330397466,26081.07816783718,161.4963719958971,svar
43640,5865,82.83203125,87.0,148.7936664038048,62.7251093301697,25041.970344984424,158.24654923562923,svar
115159,13688,87.4375,104.0,152.3781000892508,129.47092299317043,448524.60936286964,669.7197991420513,svar
115068,13694,87.46875,103.0,152.40473548757825,129.68693262180398,447687.5653198311,669.0945862281588,svar
76200,8109,97.3046875,90.0,160.91223469287948,68.67042978026537,171624.82492217323,414.27626642395677,svar
45709,6034,87.61328125,92.0,151.95140569982394,63.38682919341858,15212.865208448004,123.34044433375455,svar
32551,3743,90.22265625,80.0,154.20991050469482,34.25038480092263,11719.630975676635,108.25724444893577,svar
184095,5550,70.07421875,58.0,136.4533022789515,13.314783493815982,476663.84861093306,690.4084650487225,svar
118731,5297,83.67578125,66.0,148.73204974202855,18.805546389129653,604682.3614445829,777.6132467008152,svar
115049,13696,87.47265625,103.0,152.40654648376372,129.74624044378504,447627.8240247987,669.0499413532585,svar
67101,8604,85.3125,98.0,152.1051928978384,87.79341587785868,30989.140708401123,176.03732759957794,svar
32467,3724,90.234375,80.0,154.21892422241783,33.99126439258922,11564.73070151344,107.53943788914576,svar
86625,9016,86.94921875,95.0,153.00491872677034,74.67490769246419,77551.77039594506,278.48118499450743,svar
142977,8803,87.50390625,94.0,152.83466674613655,43.1305860607864,104703.17745062555,323.5787036419819,svar
146881,9819,92.83984375,84.0,158.35068680311034,52.23469165612811,416004.23169301957,644.9839003362948,svar
134642,20093,85.25,113.0,150.89916724740806,238.61577426123642,318505.7224114509,564.3631121994516,svar
105272,14659,81.92578125,99.0,147.58808853555362,162.43737092381653,525772.1738076943,725.1014920738298,svar
